<?xml version="1.0" encoding="UTF-8"?>

<!DOCTYPE mapper
  PUBLIC "-//mybatis.org//DTD Mapper 3.0//EN"
  "http://mybatis.org/dtd/mybatis-3-mapper.dtd">
<mapper namespace="com.work.dao.MemberDao">

<!-- public String login(String memberId, String memberPw); -->
  <select id="login" resultType="String" parameterType="map">
    select grade from member where member_id = #{memberId} and member_pw =#{memberPw}
  </select>
  
  <!--  public int insertMember(Member dto) -->
  <insert id="insertMember" parameterType="com.work.dto.Member">
    insert into member 
    values(#{memberId}, #{memberPw}, #{name}, #{mobile}, #{email},
    #{entryDate}, #{grade}, #{mileage}, #{manager})
  </insert>
  
  <!-- public List<Member> selectMemberList(); -->
  <select id="selectMemberList" resultType="String" parameterType="map">
  	select member_id, member_pw, name, mobile, email, entry_date, grade, manager from member
  </select>
  
  <select id="loginToMember" resultType="com.work.dto.Member">
  	select * from member where member_id = #{memberId} and member_pw =#{memberPw}
  </select>
 </mapper>